Woods Hole,Barnstable
Chatham,Barnstable
Hyannis Port,Barnstable
Provincetown,Barnstable
South Chatham,Barnstable
South Wellfleet,Barnstable
West Harwich,Barnstable
Pittsfield,Berkshire
Becket,Berkshire
Glendale,Berkshire
Lanesborough,Berkshire
Southfield,Berkshire
North Easton,Bristol
Fairhaven,Bristol
New Bedford,Bristol
Raynham,Bristol
Swansea,Bristol
Westport Point,Bristol
Edgartown,Dukes
Oak Bluffs,Dukes
Cuttyhunk,Dukes
Haverhill,Essex
Lynn,Essex
Swampscott,Essex
Amesbury,Essex
Gloucester,Essex
Middleton,Essex
Newbury,Essex
Andover,Essex
Whately,Franklin
Greenfield,Franklin
Rowe,Franklin
South Deerfield,Franklin
Bondsville,Hampden
Chicopee,Hampden
Chicopee,Hampden
Palmer,Hampden
Woronoco,Hampden
Springfield,Hampden
Springfield,Hampden
Springfield,Hampden
Indian Orchard,Hampden
Granby,Hampshire
Haydenville,Hampshire
Northampton,Hampshire
Northampton,Hampshire
Groton,Middlesex
Ashland,Middlesex
Carlisle,Middlesex
Woburn,Middlesex
Reading,Middlesex
Tyngsboro,Middlesex
North Reading,Middlesex
Cambridge,Middlesex
Somerville,Middlesex
Medford,Middlesex
Newton Center,Middlesex
Chestnut Hill,Middlesex
Watertown,Middlesex
Dedham,Norfolk
Medway,Norfolk
Walpole,Norfolk
Quincy,Norfolk
Brookline Village,Norfolk
East Bridgewater,Plymouth
Hanover,Plymouth
Hanson,Plymouth
Lakeville,Plymouth
Abington,Plymouth
White Horse Beach,Plymouth
Boston,Suffolk
Boston,Suffolk
Charlestown,Suffolk
Roslindale,Suffolk
Readville,Suffolk
Boston,Suffolk
Boston,Suffolk
Boston,Suffolk
Gilbertville,Worcester
Harvard,Worcester
Leominster,Worcester
Lancaster,Worcester
New Braintree,Worcester
Rutland,Worcester
Dudley,Worcester
West Boylston,Worcester
Worcester,Worcester
Worcester,Worcester
Worcester,Worcester
Worcester,Worcester
Hopedale,Worcester
